name_product,price_product,sold_product,discount_product,link_product
"Bộ quần áo ông già Noel người lớn bằng nhung Cao cấp - Đủ size
Đã bán 3",285.000₫,Đã bán 3,-0%,https://tiki.vn/bo-quan-ao-ong-gia-noel-nguoi-lon-bang-nhung-cao-cap-du-size-p263826855.html?spid=263826857
"ĐỒ BỘ TRÁI CÂY ĐI BIỂN, NHIỀU MẪU TƯƠI SÁNG
Đã bán 36",75.000₫,Đã bán 36,-0%,https://tiki.vn/do-bo-trai-cay-di-bien-nhieu-mau-tuoi-sang-p97932647.html?spid=97933108
"Đồng phục đi biển, gia đình trái cây đủ size
Đã bán 17",45.500₫,Đã bán 17,-0%,https://tiki.vn/dong-phuc-di-bien-gia-dinh-trai-cay-du-size-p97930297.html?spid=97930924
"Áo gia đình ngộ nghĩnh - THUN COTTON - có size lớn (GD275T)
Đã bán 7",91.000₫,Đã bán 7,-0%,https://tiki.vn/ao-gia-dinh-ngo-nghinh-thun-cotton-co-size-lon-gd275t-p95910337.html?spid=95910747
"Đồ bộ đi biển (vải kate thái, ảnh chụp thật) giá cực tốt, đủ size cho cả gia đình
Đã bán 20",58.000₫,Đã bán 20,-0%,https://tiki.vn/do-bo-di-bien-vai-kate-thai-anh-chup-that-gia-cuc-tot-du-size-cho-ca-gia-dinh-p97932700.html?spid=97932737
"Áo gia đình 4 NGƯỜI - THUN COTTON - màu trắng SAY YES (GD298T)
Đã bán 9",39.000₫,Đã bán 9,-0%,https://tiki.vn/ao-gia-dinh-4-nguoi-thun-cotton-mau-trang-say-yes-gd298t-p95904443.html?spid=95904800
"Bộ đồ đôi nam nữ mùa hè, chất vải cotton tự nhiên thoáng mát, tông màu xanh dịu nhé, họa tiết vui nhộn đáng yêu
Đã bán 8",340.000₫,Đã bán 8,-0%,https://tiki.vn/bo-do-doi-nam-nu-mua-he-chat-vai-cotton-tu-nhien-thoang-mat-tong-mau-xanh-diu-nhe-hoa-tiet-vui-nhon-dang-yeu-p90600301.html?spid=90600392
"ÁO NHÓM, GIA ĐÌNH Thu đông - NOEL,GIÁNG SINH màu đỏ
Đã bán 12",75.000₫,Đã bán 12,-0%,https://tiki.vn/ao-nhom-gia-dinh-thu-dong-noel-giang-sinh-mau-do-p105549630.html?spid=105550532
"ÁO NHÓM, GIA ĐÌNH Thu đông - NOEL,GIÁNG SINH",55.000₫,,-0%,https://tiki.vn/ao-nhom-gia-dinh-thu-dong-noel-giang-sinh-p105550000.html?spid=105551672
"Áo Thun Gia Đình công chúa 5 ,chất đẹp, bao đổi trả phông,family, farther, đồng phục,nhóm",25.000₫,,-0%,https://tiki.vn/ao-thun-gia-dinh-cong-chua-5-chat-dep-bao-doi-tra-phong-family-farther-dong-phuc-nhom-p126168952.html?spid=126169095
Quần Áo Tắm Biển Cao Cấp - Đủ Size Nam Nữ (DDB113),195.000₫,,-0%,https://tiki.vn/quan-ao-tam-bien-cao-cap-du-size-nam-nu-ddb113-p95909958.html?spid=95910251
"Đồ đôi Áo đôi áo cặp váy sơ mi phối ren nam nữ màu đỏ đô Hàn Quốc AV95 Đđi biển chụp hình cưới - Smice House
Đã bán 2",299.000₫,Đã bán 2,-0%,https://tiki.vn/do-doi-a-o-doi-a-o-ca-p-va-y-so-mi-pho-i-ren-nam-nu-ma-u-do-do-han-quoc-av95-ddi-bien-chup-hinh-cuoi-smice-house-p76791757.html?spid=84594159
"ÁO THUN NHÓM,ÁO TEAM, ÁO LỚP, ÁO GIA ĐÌNH - HẾT Ý",65.000₫,,-0%,https://tiki.vn/ao-thun-nhom-team-lop-gia-dinh-het-y-p105121784.html?spid=105122979
"ĐỒ ĐI BIỂN cho hội nhóm, gia đình - ĐỦ SIZE áo quần (DDB83)
Đã bán 1",195.000₫,Đã bán 1,-0%,https://tiki.vn/do-di-bien-cho-hoi-nhom-gia-dinh-du-size-ao-quan-ddb83-p95903406.html?spid=95905384
"Set áo đôi Hàn Quốc đồ cặp nam nữ chụp hình cưới dã ngoại
Đã bán 8",299.000₫,Đã bán 8,-0%,https://tiki.vn/set-ao-doi-han-quoc-do-cap-nam-nu-chup-hinh-cuoi-da-ngoai-p76499288.html?spid=84593190
"Quần áo team đi biển_ Dừa nền trắng (ảnh thật, vải kate thái)
Đã bán 97",58.000₫,Đã bán 97,-0%,https://tiki.vn/quan-ao-team-di-bien_-dua-nen-trang-anh-that-vai-kate-thai-p97932472.html?spid=97932906
"Sét pijama trái cây - Dưa hấu, chuối, cam
Đã bán 5",58.000₫,Đã bán 5,-0%,https://tiki.vn/set-pijama-trai-cay-dua-hau-chuoi-cam-p97931245.html?spid=97932273
"Áo gia đình 3/4/5 người Đồng phục gia đình Family Áo đôi mẹ và bé Màu thiên thanh GD332TT
Đã bán 13",49.000₫,Đã bán 13,-0%,https://tiki.vn/ao-gia-dinh-3-4-5-nguoi-dong-phuc-gia-dinh-family-ao-doi-me-va-be-mau-thien-thanh-gd332tt-p132107824.html?spid=132107971
"Áo thun nhóm, gia đình - KHỦNG LONG siêu kute {full size",39.000₫,,-0%,https://tiki.vn/ao-thun-nhom-gia-dinh-khung-long-sieu-kute-p105119100.html?spid=105119217
"ÁO THUN NHÓM, LỚP. ÁO GIA ĐÌNH đi biển {đủ size
Đã bán 5",60.000₫,Đã bán 5,-0%,https://tiki.vn/ao-thun-nhom-lop-gia-dinh-di-bien-p105118415.html?spid=105119024
"Áo Gia Đình - Khủng Long
Đã bán 8",25.000₫,Đã bán 8,-0%,https://tiki.vn/ao-gia-dinh-khung-long-p105549772.html?spid=105551395
"Áo nỉ đôi sweater nam nữ, áo cặp cute - ÁO ĐÔI THU ĐÔNG CỰC NGẦU HÀNG VNXK
Đã bán 17",123.380₫,Đã bán 17,-0%,https://tiki.vn/ao-ni-doi-sweater-nam-nu-ao-cap-cute-ao-doi-thu-dong-cuc-ngau-hang-vnxk-p78608968.html?spid=78609107
"Áo đôi áo cặp FREESHIP áo váy đôi, nữ váy dài hai dây nam sơ mi cao cấp màu đỏ chất đẹp - ÁO ĐÔI VSM - AV181
Đã bán 2",299.000₫,Đã bán 2,-0%,https://tiki.vn/ao-doi-ao-cap-ao-vay-doi-nu-vay-dai-hai-day-nam-so-mi-cao-cap-mau-do-chat-dep-ao-doi-smice-house-p76793955.html?spid=84593466
Áo Gia Đình - Love,25.000₫,,-0%,https://tiki.vn/ao-gia-dinh-love-p105549529.html?spid=105551019
"ÁO NHÓM , GIA ĐÌNH THU ĐÔNG -NOEL màu trắng",55.000₫,,-0%,https://tiki.vn/ao-nhom-gia-dinh-thu-dong-noel-mau-trang-p105549572.html?spid=105550789
"Đồ bộ đi biển size lớn, max 120kg
Đã bán 44",88.000₫,Đã bán 44,-0%,https://tiki.vn/do-bo-di-bien-size-lon-max-120kg-p97930061.html?spid=97930119
Đồ cặp đi biển ĐỦ SIZE áo quần (DDB44),195.000₫,,-0%,https://tiki.vn/do-cap-di-bien-du-size-ao-quan-ddb44-p95905634.html?spid=95906034
Set đồ đi biển cho gia đình - có đủ size áo quần (DDB57),195.000₫,,-0%,https://tiki.vn/set-do-di-bien-cho-gia-dinh-co-du-size-ao-quan-ddb57-p95910293.html?spid=95911021
Áo gia đình TẾT SUM VẦY siêu đẹp | thun cotton | đủ size 5-100kg,99.000₫,,-0%,https://tiki.vn/ao-gia-dinh-tet-sum-vay-sieu-dep-thun-cotton-du-size-5-100kg-p146874484.html?spid=146874865
Quần áo đi biển cho gia đình - có BIGSIZE (DDB50),195.000₫,,-0%,https://tiki.vn/quan-ao-di-bien-cho-gia-dinh-co-bigsize-ddb50-p95898304.html?spid=95899039
Áo Gia Đình Đáng Yêu - Thun Cotton - Màu trắng - Đủ Size(GD329T),65.000₫,,-0%,https://tiki.vn/ao-gia-dinh-dang-yeu-thun-cotton-mau-trang-du-size-gd329t-p95909351.html?spid=95911225
"Áo Thun Đôi Tình Nhân In Cô Bé Dắt Chó Đi Dạo ATN6285
Đã bán 2",90.000₫,Đã bán 2,-0%,https://tiki.vn/ao-thun-doi-tinh-nhan-in-co-be-dat-cho-di-dao-atn6285-p76620443.html?spid=76620529
ÁO THUN NAM NỮ CÓ CỔ - màu sắc,55.000₫,,-0%,https://tiki.vn/ao-thun-nam-nu-co-co-happy-family-p105549530.html?spid=105549619
Áo Gia Đình Phản Quang Trái Tim,156.000₫,,-0%,https://tiki.vn/ao-gia-dinh-phan-quang-trai-tim-p84381770.html?spid=84381780
"Áo Gia Đình- cổ tròn-SAY YES-màu trắng
Đã bán 5",49.000₫,Đã bán 5,-0%,https://tiki.vn/ao-gia-dinh-co-tron-say-yes-mau-trang-p105549928.html?spid=105551705
Áo gia đình,39.000₫,,-0%,https://tiki.vn/ao-gia-dinh-p96996339.html?spid=99146918
ÁO THUN NAM NỮ CÓ CỔ - màu sắc,55.000₫,,-0%,https://tiki.vn/ao-thun-nam-nu-co-co-mau-sac-i-love-family-p105549110.html?spid=105549486
Áo gia đình CHÚNG TA LÀ MỘT GIA ĐÌNH siêu đẹp | Áo bé trai | bé gái TẾT TÂN SỬU 2021 TET4,149.000₫,,-0%,https://tiki.vn/ao-gia-dinh-chung-ta-la-mot-gia-dinh-sieu-dep-ao-be-trai-be-gai-tet-tan-suu-2021-tet4-p104157666.html?spid=104157687
Đồng phục đi biển- giá 2 bộ,126.300₫,,-0%,https://tiki.vn/dong-phuc-di-bien-gia-2-bo-p169567511.html?spid=169567551
"ÁO GIA ĐÌNH LÀ SỐ 1 - MÀU CHAT SHOP,S(35-40kg)",50.700₫,,-0%,https://tiki.vn/ao-gia-dinh-la-so-1-p96999578.html?spid=96999682
